2024-09-02 11:07:10.362613,dzfp_24622000000035195051_中国科学院西北生态环境资源研究院_20240827100248.pdf,123.138.75.95,AS4837 CHINA UNICOM China169 Backbone
2024-09-02 11:08:17.221645,1.pdf,123.138.75.95,AS4837 CHINA UNICOM China169 Backbone
2024-09-03 20:37:49.932642,dzfp_24952000000134206327_深圳市鹿马科技有限 公司_20240822112924.pdf,123.138.75.95,AS4837 CHINA UNICOM China169 Backbone
2024-09-03 20:38:49.484715,dzfp_24952000000134206327_深圳市鹿马科技有限 公司_20240822112924.pdf,123.138.75.95,AS4837 CHINA UNICOM China169 Backbone
2024-09-03 20:41:06.472025,个人受理证明 (1).pdf,123.138.75.95,AS4837 CHINA UNICOM China169 Backbone
2024-09-04 09:37:38.473080,顺丰电子发票(1).pdf,123.138.75.95,AS4837 CHINA UNICOM China169 Backbone
2024-09-04 09:38:09.417919,顺丰电子发票.pdf,123.138.75.95,AS4837 CHINA UNICOM China169 Backbone
2024-09-04 09:39:33.508626,顺丰电子发票-zbs.pdf,123.138.75.95,AS4837 CHINA UNICOM China169 Backbone
2024-09-04 11:59:36.102931,顺丰电子发票-zbs.pdf,123.138.75.95,AS4837 CHINA UNICOM China169 Backbone
2024-09-04 12:12:56.551877,顺丰电子发票-zbs.pdf,123.138.75.95,AS4837 CHINA UNICOM China169 Backbone
2024-09-04 12:30:41.709456,顺丰电子发票.pdf,123.138.75.95,AS4837 CHINA UNICOM China169 Backbone
2024-09-04 12:31:00.321401,顺丰电子发票-zbs.pdf,123.138.75.95,AS4837 CHINA UNICOM China169 Backbone
2024-09-04 12:31:14.477979,顺丰电子发票(1).pdf,123.138.75.95,AS4837 CHINA UNICOM China169 Backbone
2024-09-04 15:56:38.933586,微信图片_20240904155514.jpg,123.138.75.95,AS4837 CHINA UNICOM China169 Backbone
2024-09-04 16:41:22.071689,_24952000000143461836.pdf,123.138.75.95,AS4837 CHINA UNICOM China169 Backbone
2024-09-04 16:41:23.495402,_24952000000143461836.pdf,123.138.75.95,AS4837 CHINA UNICOM China169 Backbone
2024-09-04 16:49:52.180411,shuchutian.pdf,123.138.75.95,AS4837 CHINA UNICOM China169 Backbone
2024-09-05 16:23:05.598163,每个构造尺度下的构造现象类型：.pdf,123.138.75.95,AS4837 CHINA UNICOM China169 Backbone
